{"stereo_left": [[1.0, 0.0, 0.0, -0.05500000000000016], [0.0, 0.0, 1.0, 0.0], [0.0, -1.0, 0.0, 0.0], [0.0, 0.0, 0.0, 1.0]], "stereo_right": [[1.0, 0.0, 0.0, 0.054999999999999716], [0.0, 0.0, 1.0, 0.0], [0.0, -1.0, 0.0, 0.0], [0.0, 0.0, 0.0, 1.0]], "left_fish": [[0.0, 0.0, -1.0, -0.15261099999999983], [1.0, 0.0, 0.0, -0.5112099999999999], [0.0, -1.0, 0.0, 0.025989999999999958], [0.0, 0.0, 0.0, 1.0]], "right_fish": [[0.0, 0.0, 1.0, 0.15261099999999983], [-1.0, 0.0, 0.0, -0.5112099999999999], [0.0, -1.0, 0.0, 0.025989999999999958], [0.0, 0.0, 0.0, 1.0]], "leftback_fish": [[-0.8660254037844625, 0.0, -0.49999999999995903, -0.11598799999999976], [0.49999999999995903, 0.0, -0.8660254037844625, -0.9717429999999998], [0.0, -1.0, 0.0, 0.006427999999999989], [0.0, 0.0, 0.0, 1.0]], "rightback_fish": [[-0.8660254037844625, 0.0, 0.49999999999995903, 0.11598799999999976], [-0.49999999999995903, 0.0, -0.8660254037844625, -0.9717429999999998], [0.0, -1.0, 0.0, 0.006427999999999989], [0.0, 0.0, 0.0, 1.0]], "agent": [[0.0, 1.0, 0.0, 2.2048307281026713], [-1.0, 0.0, 0.0, 3.7688024251960845], [0.0, 0.0, 1.0, 0.513522], [0.0, 0.0, 0.0, 1.0]]}