{"stereo_left": {"pinhole_mat": [[402.7678229650944, 0, 480.0], [0, 402.7678229650944, 320.0], [0, 0, 1]], "xi": 0, "alpha": 0}, "stereo_right": {"pinhole_mat": [[402.7678229650944, 0, 480.0], [0, 402.7678229650944, 320.0], [0, 0, 1]], "xi": 0, "alpha": 0}, "left_fish": {"pinhole_mat": [[238.14906397613174, 0, 480.0], [0, 199.98259505586537, 320.0], [0, 0, 1]], "xi": 0.00011091627533856628, "alpha": 0.5581657530645644}, "right_fish": {"pinhole_mat": [[238.14906397613174, 0, 480.0], [0, 199.98259505586537, 320.0], [0, 0, 1]], "xi": 0.00011091627533856628, "alpha": 0.5581657530645644}, "leftback_fish": {"pinhole_mat": [[238.14906397613174, 0, 480.0], [0, 199.98259505586537, 320.0], [0, 0, 1]], "xi": 0.00011091627533856628, "alpha": 0.5581657530645644}, "rightback_fish": {"pinhole_mat": [[238.14906397613174, 0, 480.0], [0, 199.98259505586537, 320.0], [0, 0, 1]], "xi": 0.00011091627533856628, "alpha": 0.5581657530645644}}