{"extrinsics": [1.0, 0.0, 0.0, 0.0, 0.0, 0.0, -1.0, 0.0, 0.0, 1.0, 0.0, 0.0, 0.0, 0.0, 0.0, 1.0], "intrinsics": [1062.7069091796875, 0.0, 978.524658203125, 0.0, 1062.7069091796875, 539.8015747070312, 0.0, 0.0, 1.0], "resolution": [1920.0, 1080.0], "baseline": 119.872}